model,N,b1,p1,b2,p2,TP_pct,p_LM,r2_within
"M2 (FSTS + FSTS^2, FE)",80373,1.1941188130246594,4.822477639443434e-08,-1.40423641780811,9.75769459010678e-07,51.47048770105456,1.0561183786729153e-06,0.008260631983167066
"M5 (+ controls, FE)",78445,0.5024917383149343,0.00012739095663394373,-0.7273239046750166,0.00013593173576520456,43.495924767135854,6.520163610622874e-05,0.047150262155195355
Advanced_innovation,5581,0.697706023413547,0.16564777857067225,-0.5038876846547516,0.31286498623861814,79.12224444664369,0.30372465363617546,0.05801235299253105
Advanced_resource,2075,0.8536039643720255,0.045074247599277584,-0.7297959852758058,0.08188525055544171,62.04134845187761,0.0806701926741434,0.08636638180225709
Upper_mid,12055,0.16803548031398577,0.41921020599589465,-0.18874299677473538,0.47934318331975856,55.01681636970199,0.2625434603965496,0.04485948967980302
Lower_mid_transition,42094,0.7088086832166985,2.3490906233547548e-05,-1.0120313526800815,0.0005092121656424808,43.03472898942673,1.2412673682943815e-06,0.056504532910346184
Emerging,15251,0.2147453658557232,0.459527527556137,-0.45337613638753843,0.22283887930317747,34.56876012877503,0.19069705179014884,0.02807832306688607
SIDS_small (linear FIP),1389,-0.12700590186348126,0.4430831023090809,,,,,
SIDS_small (quad),1389,-0.8516372725225271,0.013700388673928865,1.0506818659136494,0.021484124237377777,,0.9997214172122992,0.08510060996436664
