model,N,b1,p1,b2,p2,TP_pct,p_LM,r2_within
"M2 (FSTS + FSTS^2, FE)",81022,1.1891042285485665,4.37514855455845e-08,-1.3979809906922287,9.105292209099503e-07,51.478750634290314,1.0877574345782312e-06,0.008183083988098194
"M5 (+ controls, FE)",79080,0.49953798612924427,0.0001269943083301861,-0.7213996387227132,0.00013969424123594365,43.57224192551035,7.184607468263611e-05,0.04695839410851288
Advanced_innovation,5581,0.6977060234168543,0.16564777856908308,-0.5038876846614628,0.31286498623443726,79.12224444604976,0.3037246536303552,0.05801235299253671
Advanced_resource,2075,0.8536039643720273,0.045074247599276696,-0.7297959852758081,0.08188525055544082,62.04134845187755,0.08067019267414302,0.08636638180225709
Upper_mid,12055,0.168035480308701,0.4192101419481822,-0.18874299677185521,0.4793430587173917,55.01681636898128,0.2625433915838393,0.044859489679783926
Lower_mid_transition,42094,0.7088086794876566,2.3491135443531874e-05,-1.0120313461308958,0.0005092105505060118,43.034729031811324,1.241282402322615e-06,0.056504532927920015
Emerging,15457,0.21797319081553687,0.4436100736198074,-0.4553191856256269,0.21182035637229535,34.77385481115158,0.1834515512821684,0.028703213758492163
SIDS_small (linear FIP),1818,-0.098223525611192,0.3291303555898071,,,,,
SIDS_small (quad),1818,-0.7276543379563362,0.009589058586484622,0.8704325784499566,0.01322435580247272,,0.9997937071680713,0.06726653246811565
