model,N,b1,p1,b2,p2,TP_pct,p_LM,r2_within
"M2 (FSTS + FSTS^2, FE)",81022,1.1891042285417728,4.375148243696003e-08,-1.397980990698142,9.105290772470909e-07,51.47875063386744,1.087757160852649e-06,0.008183083987930662
"M5 (+ controls, FE)",79080,0.49953798584460085,0.00012699393554971294,-0.721399638069645,0.0001396942134985757,43.57224193712512,7.184620944845282e-05,0.04695839409784042
Advanced_innovation,5581,0.697706023413547,0.16564777857067225,-0.5038876846547516,0.31286498623861814,79.12224444664369,0.30372465363617546,0.05801235299253105
Advanced_resource,2075,0.8536039643720255,0.045074247599277584,-0.7297959852758058,0.08188525055544171,62.04134845187761,0.0806701926741434,0.08636638180225709
Upper_mid,12055,0.16803548031398577,0.41921020599589465,-0.18874299677473538,0.47934318331975856,55.01681636970199,0.2625434603965496,0.04485948967980302
Lower_mid_transition,42094,0.7088086832166985,2.3490906233547548e-05,-1.0120313526800815,0.0005092121656424808,43.03472898942673,1.2412673682943815e-06,0.056504532910346184
Emerging,15457,0.21797319108234778,0.44361007067193237,-0.4553191860602597,0.21182033980428683,34.77385481760209,0.18345154812753584,0.02870321375574647
SIDS_small (linear FIP),1818,-0.09822352561967268,0.3291298506366229,,,,,
SIDS_small (quad),1818,-0.7276543377681322,0.009589105235357609,0.87043257817562,0.013224373903158115,,0.999793704519613,0.06726653246550873
