model,N,b1,p1,b2,p2,TP_pct,p_LM,r2_within
"M2 (FSTS + FSTS^2, FE)",84453,1.1532965641724657,7.086185171978343e-08,-1.358663186591373,1.197125433227697e-06,51.401547628047815,1.2829602678669266e-06,0.007791932026205095
"M5 (+ controls, FE)",82358,0.497825227550608,6.324045488037555e-05,-0.7138518949169135,9.270075063771976e-05,43.82816340195437,5.4151053442087036e-05,0.044722409737192326
Advanced_innovation,5581,0.697706023413547,0.16564777857067225,-0.5038876846547516,0.31286498623861814,79.12224444664369,0.30372465363617546,0.05801235299253105
Advanced_resource,2075,0.8536039643720255,0.045074247599277584,-0.7297959852758058,0.08188525055544171,62.04134845187761,0.0806701926741434,0.08636638180225709
Upper_mid,14638,0.2501457429753965,0.18584301037778328,-0.29042209575588285,0.2553295583147701,53.6379367227962,0.14295778989182958,0.035778509035371164
Lower_mid_transition,42094,0.7088086832166985,2.3490906233547548e-05,-1.0120313526800815,0.0005092121656424808,43.03472898942673,1.2412673682943815e-06,0.056504532910346184
Emerging,16152,0.2069207104480482,0.4645944015606087,-0.435913668086677,0.22644015387202887,34.23581825107792,0.1946246698204701,0.028414732943318866
SIDS_small (linear FIP),1818,-0.09822352561967268,0.3291298506366229,,,,,
SIDS_small (quad),1818,-0.7276543377681322,0.009589105235357609,0.87043257817562,0.013224373903158115,,0.999793704519613,0.06726653246550873
